,CandidateID,CandidateName,CandidateNameEng,Gender,Age,PartyID,SymbolID,SymbolName,SymbolNameEng,PoliticalPartyName,PoliticalPartyNameEng,TotalVoteReceived,Remarks,RemarksEng,PostId,Ward,id,GaPa_NaPa,districtId,districtIdy,district,stateId,state
0,172182,हिदम लामा,Hidam Lama,पुरुष,40,2,2,सूर्य,,नेपाल कम्युनिष्ट पार्टी (एमाले),Nepal Communist Party (UML),5591,निर्वाचित,Elected,1,,5328,भीमफेदी गाउँपालिका,31,31,मकवानपुर,3.0,बागमती प्रदेश
1,245827,बद्री बहादुर स्याङ्तान,BADRI BAHADUR SYANGTAN,पुरुष,40,3,3,गोलाकारभित्र हसिया हथौडा,,नेपाल कम्युनिष्ट पार्टी (माओवादी केन्द्र),Communist Party of Nepal (Maoist-Centre),5209,,,1,,5328,भीमफेदी गाउँपालिका,31,31,मकवानपुर,3.0,बागमती प्रदेश
2,203502,सुन्दर कुँवर,Sundar Kunwar,पुरुष,32,4,2279,हलो,,राष्ट्रिय प्रजातन्त्र पार्टी,Rastriya Prajatantra Party,206,,,1,,5328,भीमफेदी गाउँपालिका,31,31,मकवानपुर,3.0,बागमती प्रदेश
3,187138,विक्रम थिङ,bikram thing,पुरुष,24,35,35,कुखुराको भाले,,मंगोल नेशनल अर्गनाइजेसन,Mangol National Organization,16,,,1,,5328,भीमफेदी गाउँपालिका,31,31,मकवानपुर,3.0,बागमती प्रदेश
4,195001,कृष्‍ण बहादुर थापा मगर,Krishna Bahadur Thapa Magar,पुरुष,52,12,12,मादल,,नेपाल मजदुर किसान पार्टी,Nepal Majdoor Kisan Party,1,,,1,,5328,भीमफेदी गाउँपालिका,31,31,मकवानपुर,3.0,बागमती प्रदेश
5,198239,दिपक पुडासैनी,Dipak Pudasaini,पुरुष,36,999,1040,आँप,,स्वतन्त्र,Independent ,0,,,1,,5328,भीमफेदी गाउँपालिका,31,31,मकवानपुर,3.0,बागमती प्रदेश
6,231539,संजिब श्रेष्‍ठ,Sanjib Shrestha,पुरुष,43,1,1,रुख,,नेपाली काँग्रेस,Nepali Congress,5315,निर्वाचित,Elected,2,,5328,भीमफेदी गाउँपालिका,31,31,मकवानपुर,3.0,बागमती प्रदेश
7,171927,पार्वती राना,Parbati Rana,महिला,42,2,2,सूर्य,,नेपाल कम्युनिष्ट पार्टी (एमाले),Nepal Communist Party (UML),5299,,,2,,5328,भीमफेदी गाउँपालिका,31,31,मकवानपुर,3.0,बागमती प्रदेश
8,204555,सानु मैया भुलुन,SANU MAIYA BHULUN,महिला,34,4,2279,हलो,,राष्ट्रिय प्रजातन्त्र पार्टी,Rastriya Prajatantra Party,253,,,2,,5328,भीमफेदी गाउँपालिका,31,31,मकवानपुर,3.0,बागमती प्रदेश
9,326335,सिता थिङ,Sita Thing,महिला,37,2,0,,,नेपाल कम्युनिष्ट पार्टी (एमाले),Nepal Communist Party (UML),0,निर्विरोध,Unopposed,9,,5328,भीमफेदी गाउँपालिका,31,31,मकवानपुर,3.0,बागमती प्रदेश
10,326250,चमेली माया बल,Chameli Maya Bal,महिला,59,2,0,,,नेपाल कम्युनिष्ट पार्टी (एमाले),Nepal Communist Party (UML),0,निर्विरोध,Unopposed,9,,5328,भीमफेदी गाउँपालिका,31,31,मकवानपुर,3.0,बागमती प्रदेश
11,326313,रिता कुमारी मगर,Rita Kumari Magar,महिला,53,2,0,,,नेपाल कम्युनिष्ट पार्टी (एमाले),Nepal Communist Party (UML),0,निर्विरोध,Unopposed,9,,5328,भीमफेदी गाउँपालिका,31,31,मकवानपुर,3.0,बागमती प्रदेश
12,326637,सुमित्रा लामा,Sumitra Lama,महिला,42,1,0,,,नेपाली काँग्रेस,Nepali Congress,0,निर्विरोध,Unopposed,9,,5328,भीमफेदी गाउँपालिका,31,31,मकवानपुर,3.0,बागमती प्रदेश
13,326212,सुर्य बहादुर घर्ती,Surya Bahadur Gharti,पुरुष,63,2,0,,,नेपाल कम्युनिष्ट पार्टी (एमाले),Nepal Communist Party (UML),0,निर्विरोध,Unopposed,10,,5328,भीमफेदी गाउँपालिका,31,31,मकवानपुर,3.0,बागमती प्रदेश
14,326287,सुदन वि.क.,SUDAN B.K.,पुरुष,24,2,0,,,नेपाल कम्युनिष्ट पार्टी (एमाले),Nepal Communist Party (UML),0,निर्विरोध,Unopposed,10,,5328,भीमफेदी गाउँपालिका,31,31,मकवानपुर,3.0,बागमती प्रदेश
15,246754,सोम बहादुर स्याङतान,Som Bahadur Syangtan,पुरुष,51,1,1,रुख,,नेपाली काँग्रेस,Nepali Congress,910,निर्वाचित,Elected,5,1.0,5328,भीमफेदी गाउँपालिका,31,31,मकवानपुर,3.0,बागमती प्रदेश
16,172563,पञ्‍च माया स्‍याङतान,Pancha Maya Syangtan,महिला,43,2,2,सूर्य,,नेपाल कम्युनिष्ट पार्टी (एमाले),Nepal Communist Party (UML),655,,,5,1.0,5328,भीमफेदी गाउँपालिका,31,31,मकवानपुर,3.0,बागमती प्रदेश
17,216941,दुर्गा बहादुर गोले,Durga Bahadur Gole,पुरुष,53,4,2279,हलो,,राष्ट्रिय प्रजातन्त्र पार्टी,Rastriya Prajatantra Party,5,,,5,1.0,5328,भीमफेदी गाउँपालिका,31,31,मकवानपुर,3.0,बागमती प्रदेश
18,247628,मुक्‍ती लामा,Muktik Lama,पुरुष,31,1,1,रुख,,नेपाली काँग्रेस,Nepali Congress,882,निर्वाचित,Elected,6,1.0,5328,भीमफेदी गाउँपालिका,31,31,मकवानपुर,3.0,बागमती प्रदेश
19,253729,राज कुमार स्याङतान,Raj Kumar Syangtan,पुरुष,40,1,101,दुई रुख,,नेपाली काँग्रेस,Nepali Congress,862,निर्वाचित,Elected,6,1.0,5328,भीमफेदी गाउँपालिका,31,31,मकवानपुर,3.0,बागमती प्रदेश
20,173496,मन कुमार भोम्जन,man kumar vomjan,पुरुष,28,2,102,दुई सूर्य ,,नेपाल कम्युनिष्ट पार्टी (एमाले),Nepal Communist Party (UML),653,,,6,1.0,5328,भीमफेदी गाउँपालिका,31,31,मकवानपुर,3.0,बागमती प्रदेश
21,173078,भिम लाल तितुङ्ग,Bhim Lal Titung,पुरुष,62,2,2,सूर्य,,नेपाल कम्युनिष्ट पार्टी (एमाले),Nepal Communist Party (UML),646,,,6,1.0,5328,भीमफेदी गाउँपालिका,31,31,मकवानपुर,3.0,बागमती प्रदेश
22,250705,सुमीत्रा थिङ्ग,Sumitra Thing,महिला,37,1,1,रुख,,नेपाली काँग्रेस,Nepali Congress,816,निर्वाचित,Elected,7,1.0,5328,भीमफेदी गाउँपालिका,31,31,मकवानपुर,3.0,बागमती प्रदेश
23,173768,दिल कुमारी मुक्तान,dil kumari muktan,महिला,27,2,2,सूर्य,,नेपाल कम्युनिष्ट पार्टी (एमाले),Nepal Communist Party (UML),676,,,7,1.0,5328,भीमफेदी गाउँपालिका,31,31,मकवानपुर,3.0,बागमती प्रदेश
24,252929,गोपिनी माया विश्‍वकर्मा,Gopini Maya Biswakarma,महिला,50,1,1,रुख,,नेपाली काँग्रेस,Nepali Congress,908,निर्वाचित,Elected,8,1.0,5328,भीमफेदी गाउँपालिका,31,31,मकवानपुर,3.0,बागमती प्रदेश
25,174112,निर्मला सुनार,NIRMALA SUNAR,महिला,34,2,2,सूर्य,,नेपाल कम्युनिष्ट पार्टी (एमाले),Nepal Communist Party (UML),645,,,8,1.0,5328,भीमफेदी गाउँपालिका,31,31,मकवानपुर,3.0,बागमती प्रदेश
26,174299,काशी राम बज्यु,Kashi Ram Bajyu,पुरुष,43,2,2,सूर्य,,नेपाल कम्युनिष्ट पार्टी (एमाले),Nepal Communist Party (UML),744,निर्वाचित,Elected,5,2.0,5328,भीमफेदी गाउँपालिका,31,31,मकवानपुर,3.0,बागमती प्रदेश
27,243554,कर्ण बहादुर पाख्रिन,Karna Bahadur Pakhrin,पुरुष,67,116,1020,कलम,,नेपाल कम्युनिष्ट पार्टी (एकिकृत समाजबादी) ,Nepal Communist Party(Ekakrit Samajbadi),703,,,5,2.0,5328,भीमफेदी गाउँपालिका,31,31,मकवानपुर,3.0,बागमती प्रदेश
28,222941,तुलसी थापा,TULSI THAPA,पुरुष,43,4,2279,हलो,,राष्ट्रिय प्रजातन्त्र पार्टी,Rastriya Prajatantra Party,35,,,5,2.0,5328,भीमफेदी गाउँपालिका,31,31,मकवानपुर,3.0,बागमती प्रदेश
29,176569,किरण कुमार थिङ्ग,Kiran Kumar Thing,पुरुष,41,2,2,सूर्य,,नेपाल कम्युनिष्ट पार्टी (एमाले),Nepal Communist Party (UML),717,निर्वाचित,Elected,6,2.0,5328,भीमफेदी गाउँपालिका,31,31,मकवानपुर,3.0,बागमती प्रदेश
30,175852,रामेश्वर गोपाली,RAMESWAR GOPALI,पुरुष,47,2,102,दुई सूर्य ,,नेपाल कम्युनिष्ट पार्टी (एमाले),Nepal Communist Party (UML),713,निर्वाचित,Elected,6,2.0,5328,भीमफेदी गाउँपालिका,31,31,मकवानपुर,3.0,बागमती प्रदेश
31,244613,गोपी राम बल,Gopi Ram Muktan,पुरुष,49,116,2389,दुई वटा कलम,,नेपाल कम्युनिष्ट पार्टी (एकिकृत समाजबादी) ,Nepal Communist Party(Ekakrit Samajbadi),710,,,6,2.0,5328,भीमफेदी गाउँपालिका,31,31,मकवानपुर,3.0,बागमती प्रदेश
32,242326,कमल गोपाली,Kamal Gopali,पुरुष,34,116,1020,कलम,,नेपाल कम्युनिष्ट पार्टी (एकिकृत समाजबादी) ,Nepal Communist Party(Ekakrit Samajbadi),701,,,6,2.0,5328,भीमफेदी गाउँपालिका,31,31,मकवानपुर,3.0,बागमती प्रदेश
33,227154,भोज  बहादुर थापा मगर,bhooj badhur thapa magar,पुरुष,53,4,2279,हलो,,राष्ट्रिय प्रजातन्त्र पार्टी,Rastriya Prajatantra Party,50,,,6,2.0,5328,भीमफेदी गाउँपालिका,31,31,मकवानपुर,3.0,बागमती प्रदेश
34,225834,ज्ञान बहादुर थापा,GHYAAN BAHADUR THAPA,पुरुष,64,4,2391,दुई वटा हलो,,राष्ट्रिय प्रजातन्त्र पार्टी,Rastriya Prajatantra Party,37,,,6,2.0,5328,भीमफेदी गाउँपालिका,31,31,मकवानपुर,3.0,बागमती प्रदेश
35,176792,विष्णु माया राना मगर,Bishnu Maya Rana Magar,महिला,66,2,2,सूर्य,,नेपाल कम्युनिष्ट पार्टी (एमाले),Nepal Communist Party (UML),733,निर्वाचित,Elected,7,2.0,5328,भीमफेदी गाउँपालिका,31,31,मकवानपुर,3.0,बागमती प्रदेश
36,257755,सपना थिङ,Sapana Thing,महिला,21,116,1020,कलम,,नेपाल कम्युनिष्ट पार्टी (एकिकृत समाजबादी) ,Nepal Communist Party(Ekakrit Samajbadi),726,,,7,2.0,5328,भीमफेदी गाउँपालिका,31,31,मकवानपुर,3.0,बागमती प्रदेश
37,223519,रिता कुमारी राना,Rita Kumari Rana,महिला,33,4,2279,हलो,,राष्ट्रिय प्रजातन्त्र पार्टी,Rastriya Prajatantra Party,41,,,7,2.0,5328,भीमफेदी गाउँपालिका,31,31,मकवानपुर,3.0,बागमती प्रदेश
38,241654,सुन्तली माया पोडे,Suntali Maya Pode,महिला,66,116,1020,कलम,,नेपाल कम्युनिष्ट पार्टी (एकिकृत समाजबादी) ,Nepal Communist Party(Ekakrit Samajbadi),730,निर्वाचित,Elected,8,2.0,5328,भीमफेदी गाउँपालिका,31,31,मकवानपुर,3.0,बागमती प्रदेश
39,176955,विमला कलुवार,Bimala Kaluwar,महिला,40,2,2,सूर्य,,नेपाल कम्युनिष्ट पार्टी (एमाले),Nepal Communist Party (UML),727,,,8,2.0,5328,भीमफेदी गाउँपालिका,31,31,मकवानपुर,3.0,बागमती प्रदेश
40,269924,पृति लाल लामा,Priti Lal Lama,पुरुष,48,3,3,गोलाकारभित्र हसिया हथौडा,,नेपाल कम्युनिष्ट पार्टी (माओवादी केन्द्र),Communist Party of Nepal (Maoist-Centre),792,निर्वाचित,Elected,5,3.0,5328,भीमफेदी गाउँपालिका,31,31,मकवानपुर,3.0,बागमती प्रदेश
41,178924,प्रकाश पौडेल,Prakash Paudel,पुरुष,42,2,2,सूर्य,,नेपाल कम्युनिष्ट पार्टी (एमाले),Nepal Communist Party (UML),458,,,5,3.0,5328,भीमफेदी गाउँपालिका,31,31,मकवानपुर,3.0,बागमती प्रदेश
42,187908,योशेप थिङ,Yoshep Thing,पुरुष,29,35,35,कुखुराको भाले,,मंगोल नेशनल अर्गनाइजेसन,Mangol National Organization,1,,,5,3.0,5328,भीमफेदी गाउँपालिका,31,31,मकवानपुर,3.0,बागमती प्रदेश
43,269175,सोनाम सिं स्‍याङतान,Sonam Sing Syangtan,पुरुष,51,3,103,दुई गोलाकारभित्र हँसिया हथौडा ,,नेपाल कम्युनिष्ट पार्टी (माओवादी केन्द्र),Communist Party of Nepal (Maoist-Centre),777,निर्वाचित,Elected,6,3.0,5328,भीमफेदी गाउँपालिका,31,31,मकवानपुर,3.0,बागमती प्रदेश
44,268819,वुद्धि मान बज्यु,BUDHI MAN BAJYU,पुरुष,35,3,3,गोलाकारभित्र हसिया हथौडा,,नेपाल कम्युनिष्ट पार्टी (माओवादी केन्द्र),Communist Party of Nepal (Maoist-Centre),759,निर्वाचित,Elected,6,3.0,5328,भीमफेदी गाउँपालिका,31,31,मकवानपुर,3.0,बागमती प्रदेश
45,179430,क्षेत्र कुमारी राना मगर,Chetra Kumari Rana Magar,महिला,60,2,102,दुई सूर्य ,,नेपाल कम्युनिष्ट पार्टी (एमाले),Nepal Communist Party (UML),448,,,6,3.0,5328,भीमफेदी गाउँपालिका,31,31,मकवानपुर,3.0,बागमती प्रदेश
46,179083,सुपर सिं दोङ,SUPER SING DONG,पुरुष,37,2,2,सूर्य,,नेपाल कम्युनिष्ट पार्टी (एमाले),Nepal Communist Party (UML),443,,,6,3.0,5328,भीमफेदी गाउँपालिका,31,31,मकवानपुर,3.0,बागमती प्रदेश
47,267957,सुन माया लामा,Sun Maya Lama,महिला,35,3,3,गोलाकारभित्र हसिया हथौडा,,नेपाल कम्युनिष्ट पार्टी (माओवादी केन्द्र),Communist Party of Nepal (Maoist-Centre),796,निर्वाचित,Elected,7,3.0,5328,भीमफेदी गाउँपालिका,31,31,मकवानपुर,3.0,बागमती प्रदेश
48,179292,अनिता थिङ,ANITA THING,महिला,38,2,2,सूर्य,,नेपाल कम्युनिष्ट पार्टी (एमाले),Nepal Communist Party (UML),457,,,7,3.0,5328,भीमफेदी गाउँपालिका,31,31,मकवानपुर,3.0,बागमती प्रदेश
49,267320,नानु माया सुनार,Nanu Maya Sunar,महिला,51,3,3,गोलाकारभित्र हसिया हथौडा,,नेपाल कम्युनिष्ट पार्टी (माओवादी केन्द्र),Communist Party of Nepal (Maoist-Centre),800,निर्वाचित,Elected,8,3.0,5328,भीमफेदी गाउँपालिका,31,31,मकवानपुर,3.0,बागमती प्रदेश
50,179542,ठुली माया विश्‍वकर्मा,Thuli Maya Bishowkarma,महिला,53,2,2,सूर्य,,नेपाल कम्युनिष्ट पार्टी (एमाले),Nepal Communist Party (UML),461,,,8,3.0,5328,भीमफेदी गाउँपालिका,31,31,मकवानपुर,3.0,बागमती प्रदेश
51,180109,सागर पाण्डे,Sagar Pande,पुरुष,34,2,2,सूर्य,,नेपाल कम्युनिष्ट पार्टी (एमाले),Nepal Communist Party (UML),568,निर्वाचित,Elected,5,4.0,5328,भीमफेदी गाउँपालिका,31,31,मकवानपुर,3.0,बागमती प्रदेश
52,275726,ओम बहादुर थापा,om bahadur thapa,पुरुष,33,1,1,रुख,,नेपाली काँग्रेस,Nepali Congress,282,,,5,4.0,5328,भीमफेदी गाउँपालिका,31,31,मकवानपुर,3.0,बागमती प्रदेश
53,255549,समिर श्रेष्‍ठ,Samir Shrestha,पुरुष,46,116,1020,कलम,,नेपाल कम्युनिष्ट पार्टी (एकिकृत समाजबादी) ,Nepal Communist Party(Ekakrit Samajbadi),248,,,5,4.0,5328,भीमफेदी गाउँपालिका,31,31,मकवानपुर,3.0,बागमती प्रदेश
54,228937,दिपक सुनार,Dipak Sunar,पुरुष,30,4,2279,हलो,,राष्ट्रिय प्रजातन्त्र पार्टी,Rastriya Prajatantra Party,11,,,5,4.0,5328,भीमफेदी गाउँपालिका,31,31,मकवानपुर,3.0,बागमती प्रदेश
55,275129,अमृत बल,Amrit Bal,पुरुष,38,3,3,गोलाकारभित्र हसिया हथौडा,,नेपाल कम्युनिष्ट पार्टी (माओवादी केन्द्र),Communist Party of Nepal (Maoist-Centre),10,,,5,4.0,5328,भीमफेदी गाउँपालिका,31,31,मकवानपुर,3.0,बागमती प्रदेश
56,180346,राम कृष्‍ण थापा मगर,Ram Krishna Thapa Magar,पुरुष,60,2,102,दुई सूर्य ,,नेपाल कम्युनिष्ट पार्टी (एमाले),Nepal Communist Party (UML),552,निर्वाचित,Elected,6,4.0,5328,भीमफेदी गाउँपालिका,31,31,मकवानपुर,3.0,बागमती प्रदेश
57,180297,केशव लामा भोम्‍जन,Keshav lama Bhomjan,पुरुष,46,2,2,सूर्य,,नेपाल कम्युनिष्ट पार्टी (एमाले),Nepal Communist Party (UML),550,निर्वाचित,Elected,6,4.0,5328,भीमफेदी गाउँपालिका,31,31,मकवानपुर,3.0,बागमती प्रदेश
58,272688,अनित राना मगर,anit rana magar,पुरुष,34,1,1,रुख,,नेपाली काँग्रेस,Nepali Congress,261,,,6,4.0,5328,भीमफेदी गाउँपालिका,31,31,मकवानपुर,3.0,बागमती प्रदेश
59,270774,उमेश सुनार,UMESH SUNAR,पुरुष,37,1,101,दुई रुख,,नेपाली काँग्रेस,Nepali Congress,255,,,6,4.0,5328,भीमफेदी गाउँपालिका,31,31,मकवानपुर,3.0,बागमती प्रदेश
60,273607,सपना लामा,Sapana Lama,महिला,32,3,103,दुई गोलाकारभित्र हँसिया हथौडा ,,नेपाल कम्युनिष्ट पार्टी (माओवादी केन्द्र),Communist Party of Nepal (Maoist-Centre),244,,,6,4.0,5328,भीमफेदी गाउँपालिका,31,31,मकवानपुर,3.0,बागमती प्रदेश
61,228061,दिपक थापा मगर,Dipak Thapa Magar,पुरुष,33,4,2279,हलो,,राष्ट्रिय प्रजातन्त्र पार्टी,Rastriya Prajatantra Party,18,,,6,4.0,5328,भीमफेदी गाउँपालिका,31,31,मकवानपुर,3.0,बागमती प्रदेश
62,259255,पासाङ लामा,Pasang Lama,पुरुष,28,116,2389,दुई वटा कलम,,नेपाल कम्युनिष्ट पार्टी (एकिकृत समाजबादी) ,Nepal Communist Party(Ekakrit Samajbadi),11,,,6,4.0,5328,भीमफेदी गाउँपालिका,31,31,मकवानपुर,3.0,बागमती प्रदेश
63,274066,बट्टाई कार्की,Battai Karki,महिला,58,3,3,गोलाकारभित्र हसिया हथौडा,,नेपाल कम्युनिष्ट पार्टी (माओवादी केन्द्र),Communist Party of Nepal (Maoist-Centre),5,,,6,4.0,5328,भीमफेदी गाउँपालिका,31,31,मकवानपुर,3.0,बागमती प्रदेश
64,256722,तिल प्रसाद गुरुङ,Til Prasad Gurung,पुरुष,64,116,1020,कलम,,नेपाल कम्युनिष्ट पार्टी (एकिकृत समाजबादी) ,Nepal Communist Party(Ekakrit Samajbadi),5,,,6,4.0,5328,भीमफेदी गाउँपालिका,31,31,मकवानपुर,3.0,बागमती प्रदेश
65,180398,चन्‍द्र माया आलेमगर,Chandra Maya Aalemagar,महिला,46,2,2,सूर्य,,नेपाल कम्युनिष्ट पार्टी (एमाले),Nepal Communist Party (UML),548,निर्वाचित,Elected,7,4.0,5328,भीमफेदी गाउँपालिका,31,31,मकवानपुर,3.0,बागमती प्रदेश
66,273131,पबित्रा राना मगर,Pabitra Rana magar,महिला,41,3,3,गोलाकारभित्र हसिया हथौडा,,नेपाल कम्युनिष्ट पार्टी (माओवादी केन्द्र),Communist Party of Nepal (Maoist-Centre),270,,,7,4.0,5328,भीमफेदी गाउँपालिका,31,31,मकवानपुर,3.0,बागमती प्रदेश
67,272208,राधिका थापा क्षेत्री,Radhika Thapa Chhetri,महिला,45,1,1,रुख,,नेपाली काँग्रेस,Nepali Congress,254,,,7,4.0,5328,भीमफेदी गाउँपालिका,31,31,मकवानपुर,3.0,बागमती प्रदेश
68,259864,मन्दिरा चुनी,MANDIRA CHUNI,महिला,23,116,1020,कलम,,नेपाल कम्युनिष्ट पार्टी (एकिकृत समाजबादी) ,Nepal Communist Party(Ekakrit Samajbadi),8,,,7,4.0,5328,भीमफेदी गाउँपालिका,31,31,मकवानपुर,3.0,बागमती प्रदेश
69,180471,गंगा सुनार,Ganga Sunar,महिला,31,2,2,सूर्य,,नेपाल कम्युनिष्ट पार्टी (एमाले),Nepal Communist Party (UML),555,निर्वाचित,Elected,8,4.0,5328,भीमफेदी गाउँपालिका,31,31,मकवानपुर,3.0,बागमती प्रदेश
70,274527,मधु विश्‍वकर्मा,Madhu Bishowkarma,महिला,54,3,3,गोलाकारभित्र हसिया हथौडा,,नेपाल कम्युनिष्ट पार्टी (माओवादी केन्द्र),Communist Party of Nepal (Maoist-Centre),255,,,8,4.0,5328,भीमफेदी गाउँपालिका,31,31,मकवानपुर,3.0,बागमती प्रदेश
71,271877,सरिता सुनार,SARITA SUNAR,महिला,39,1,1,रुख,,नेपाली काँग्रेस,Nepali Congress,253,,,8,4.0,5328,भीमफेदी गाउँपालिका,31,31,मकवानपुर,3.0,बागमती प्रदेश
72,258583,मनुका सुनार,Manuka Sunar,महिला,53,116,1020,कलम,,नेपाल कम्युनिष्ट पार्टी (एकिकृत समाजबादी) ,Nepal Communist Party(Ekakrit Samajbadi),10,,,8,4.0,5328,भीमफेदी गाउँपालिका,31,31,मकवानपुर,3.0,बागमती प्रदेश
73,229954,सिर्जना विस्वकर्मा,shrijana bisowkarma,महिला,24,4,2279,हलो,,राष्ट्रिय प्रजातन्त्र पार्टी,Rastriya Prajatantra Party,8,,,8,4.0,5328,भीमफेदी गाउँपालिका,31,31,मकवानपुर,3.0,बागमती प्रदेश
74,179728,जाहार सिं लामा,jahar singh lama,पुरुष,56,2,2,सूर्य,,नेपाल कम्युनिष्ट पार्टी (एमाले),Nepal Communist Party (UML),774,निर्वाचित,Elected,5,5.0,5328,भीमफेदी गाउँपालिका,31,31,मकवानपुर,3.0,बागमती प्रदेश
75,276596,प्रदिप बहादुर वाइबा,Pradip Bahadur Waiba,पुरुष,29,3,3,गोलाकारभित्र हसिया हथौडा,,नेपाल कम्युनिष्ट पार्टी (माओवादी केन्द्र),Communist Party of Nepal (Maoist-Centre),590,,,5,5.0,5328,भीमफेदी गाउँपालिका,31,31,मकवानपुर,3.0,बागमती प्रदेश
76,218015,प्रल्‍हाद पुडासैनी,Pralhad Pudasaini,पुरुष,43,4,2279,हलो,,राष्ट्रिय प्रजातन्त्र पार्टी,Rastriya Prajatantra Party,35,,,5,5.0,5328,भीमफेदी गाउँपालिका,31,31,मकवानपुर,3.0,बागमती प्रदेश
77,179802,बद्री बहादुर पौडेल,Badri Bahadur Paudel,पुरुष,52,2,2,सूर्य,,नेपाल कम्युनिष्ट पार्टी (एमाले),Nepal Communist Party (UML),732,निर्वाचित,Elected,6,5.0,5328,भीमफेदी गाउँपालिका,31,31,मकवानपुर,3.0,बागमती प्रदेश
78,179927,लाल बहादुर स्याङ्तान,lal bahadur syangtan,पुरुष,45,2,102,दुई सूर्य ,,नेपाल कम्युनिष्ट पार्टी (एमाले),Nepal Communist Party (UML),723,निर्वाचित,Elected,6,5.0,5328,भीमफेदी गाउँपालिका,31,31,मकवानपुर,3.0,बागमती प्रदेश
79,277957,हरिशरण देवकोटा,Harisharan Devkota,पुरुष,29,3,103,दुई गोलाकारभित्र हँसिया हथौडा ,,नेपाल कम्युनिष्ट पार्टी (माओवादी केन्द्र),Communist Party of Nepal (Maoist-Centre),614,,,6,5.0,5328,भीमफेदी गाउँपालिका,31,31,मकवानपुर,3.0,बागमती प्रदेश
80,278562,सिंग बहादुर पाख्रीन,Singh Bahadur Pakharin,पुरुष,48,3,3,गोलाकारभित्र हसिया हथौडा,,नेपाल कम्युनिष्ट पार्टी (माओवादी केन्द्र),Communist Party of Nepal (Maoist-Centre),570,,,6,5.0,5328,भीमफेदी गाउँपालिका,31,31,मकवानपुर,3.0,बागमती प्रदेश
81,220032,उपेन्द्र प्रसाद पुडासैनी,UPENDRA PRASAD PUDASAINI,पुरुष,36,4,2279,हलो,,राष्ट्रिय प्रजातन्त्र पार्टी,Rastriya Prajatantra Party,42,,,6,5.0,5328,भीमफेदी गाउँपालिका,31,31,मकवानपुर,3.0,बागमती प्रदेश
82,220882,छवि लाल पुडासैनी,chhabi lal pudasaini,पुरुष,55,4,2391,दुई वटा हलो,,राष्ट्रिय प्रजातन्त्र पार्टी,Rastriya Prajatantra Party,29,,,6,5.0,5328,भीमफेदी गाउँपालिका,31,31,मकवानपुर,3.0,बागमती प्रदेश
83,179993,रिता कुमारी मगर,Rita Kumari Magar,महिला,53,2,2,सूर्य,,नेपाल कम्युनिष्ट पार्टी (एमाले),Nepal Communist Party (UML),785,निर्वाचित,Elected,7,5.0,5328,भीमफेदी गाउँपालिका,31,31,मकवानपुर,3.0,बागमती प्रदेश
84,277435,सावीत्री घलान,sabitri ghalan,महिला,23,3,3,गोलाकारभित्र हसिया हथौडा,,नेपाल कम्युनिष्ट पार्टी (माओवादी केन्द्र),Communist Party of Nepal (Maoist-Centre),583,,,7,5.0,5328,भीमफेदी गाउँपालिका,31,31,मकवानपुर,3.0,बागमती प्रदेश
85,221886,चन्द्र कुमारी थापा,Chandra Kumari Thapa,महिला,67,4,2279,हलो,,राष्ट्रिय प्रजातन्त्र पार्टी,Rastriya Prajatantra Party,24,,,7,5.0,5328,भीमफेदी गाउँपालिका,31,31,मकवानपुर,3.0,बागमती प्रदेश
86,179879,सुमित्रा वि.क.,Sumitra B.K,महिला,45,2,2,सूर्य,,नेपाल कम्युनिष्ट पार्टी (एमाले),Nepal Communist Party (UML),760,निर्वाचित,Elected,8,5.0,5328,भीमफेदी गाउँपालिका,31,31,मकवानपुर,3.0,बागमती प्रदेश
87,279245,शान्ता कुमारी वि‍.क.,Shanta Kumari B.K,महिला,55,3,3,गोलाकारभित्र हसिया हथौडा,,नेपाल कम्युनिष्ट पार्टी (माओवादी केन्द्र),Communist Party of Nepal (Maoist-Centre),593,,,8,5.0,5328,भीमफेदी गाउँपालिका,31,31,मकवानपुर,3.0,बागमती प्रदेश
88,262962,सोम बहादुर घलान,Som Bahadur Ghalan,पुरुष,58,1,1,रुख,,नेपाली काँग्रेस,Nepali Congress,689,निर्वाचित,Elected,5,6.0,5328,भीमफेदी गाउँपालिका,31,31,मकवानपुर,3.0,बागमती प्रदेश
89,180729,सिताराम थापा मगर,Sitaram Thapa Magar,पुरुष,45,2,2,सूर्य,,नेपाल कम्युनिष्ट पार्टी (एमाले),Nepal Communist Party (UML),517,,,5,6.0,5328,भीमफेदी गाउँपालिका,31,31,मकवानपुर,3.0,बागमती प्रदेश
90,210255,प्रमोद लाल श्रेष्‍ठ,Pramod Lal Shrestha,पुरुष,43,4,2279,हलो,,राष्ट्रिय प्रजातन्त्र पार्टी,Rastriya Prajatantra Party,119,,,5,6.0,5328,भीमफेदी गाउँपालिका,31,31,मकवानपुर,3.0,बागमती प्रदेश
91,264549,बुद्धी बहादुर वाईबा,Buddhi Bahadur Waiba,पुरुष,39,1,1,रुख,,नेपाली काँग्रेस,Nepali Congress,637,निर्वाचित,Elected,6,6.0,5328,भीमफेदी गाउँपालिका,31,31,मकवानपुर,3.0,बागमती प्रदेश
92,261219,विजय लामा,Bijay Lama,पुरुष,41,1,101,दुई रुख,,नेपाली काँग्रेस,Nepali Congress,609,निर्वाचित,Elected,6,6.0,5328,भीमफेदी गाउँपालिका,31,31,मकवानपुर,3.0,बागमती प्रदेश
93,180652,शुभाष राना मगर,SUBHASH RANA MAGAR,पुरुष,36,2,2,सूर्य,,नेपाल कम्युनिष्ट पार्टी (एमाले),Nepal Communist Party (UML),521,,,6,6.0,5328,भीमफेदी गाउँपालिका,31,31,मकवानपुर,3.0,बागमती प्रदेश
94,180773,सनत कुमार घिसिङ्ग,Sanat Kumar Ghising,पुरुष,51,2,102,दुई सूर्य ,,नेपाल कम्युनिष्ट पार्टी (एमाले),Nepal Communist Party (UML),499,,,6,6.0,5328,भीमफेदी गाउँपालिका,31,31,मकवानपुर,3.0,बागमती प्रदेश
95,212096,मनोज कुमार लामा,Manoj Kumar Lama,पुरुष,37,4,2391,दुई वटा हलो,,राष्ट्रिय प्रजातन्त्र पार्टी,Rastriya Prajatantra Party,111,,,6,6.0,5328,भीमफेदी गाउँपालिका,31,31,मकवानपुर,3.0,बागमती प्रदेश
96,212636,अनिल कुमार श्रेष्‍ठ,Anil Kumar Shrestha,पुरुष,41,4,2279,हलो,,राष्ट्रिय प्रजातन्त्र पार्टी,Rastriya Prajatantra Party,15,,,6,6.0,5328,भीमफेदी गाउँपालिका,31,31,मकवानपुर,3.0,बागमती प्रदेश
97,265678,सुमित्रा लामा,Sumitra Lama,महिला,42,1,1,रुख,,नेपाली काँग्रेस,Nepali Congress,706,निर्वाचित,Elected,7,6.0,5328,भीमफेदी गाउँपालिका,31,31,मकवानपुर,3.0,बागमती प्रदेश
98,180761,मंगल देवी श्रेष्‍ठ,Mangal Devi Shrestha,महिला,54,2,2,सूर्य,,नेपाल कम्युनिष्ट पार्टी (एमाले),Nepal Communist Party (UML),498,,,7,6.0,5328,भीमफेदी गाउँपालिका,31,31,मकवानपुर,3.0,बागमती प्रदेश
99,213814,सुमित्रा श्रेष्ठ महर्जन,SUMITRA SHRESTHA MAHARJAN,महिला,47,4,2279,हलो,,राष्ट्रिय प्रजातन्त्र पार्टी,Rastriya Prajatantra Party,19,,,7,6.0,5328,भीमफेदी गाउँपालिका,31,31,मकवानपुर,3.0,बागमती प्रदेश
100,263829,बन्‍दना बसेल,Bandana Basel,महिला,35,1,1,रुख,,नेपाली काँग्रेस,Nepali Congress,676,निर्वाचित,Elected,8,6.0,5328,भीमफेदी गाउँपालिका,31,31,मकवानपुर,3.0,बागमती प्रदेश
101,180697,सरिता परियार,Sarita Pariyar,महिला,46,2,2,सूर्य,,नेपाल कम्युनिष्ट पार्टी (एमाले),Nepal Communist Party (UML),510,,,8,6.0,5328,भीमफेदी गाउँपालिका,31,31,मकवानपुर,3.0,बागमती प्रदेश
102,218503,संगिता वि.क,sangita bk,महिला,29,4,2279,हलो,,राष्ट्रिय प्रजातन्त्र पार्टी,Rastriya Prajatantra Party,100,,,8,6.0,5328,भीमफेदी गाउँपालिका,31,31,मकवानपुर,3.0,बागमती प्रदेश
103,235303,मित्र बन्धु सिजाली,Mitra Bandhu Sijali,पुरुष,33,1,1,रुख,,नेपाली काँग्रेस,Nepali Congress,436,निर्वाचित,Elected,5,7.0,5328,भीमफेदी गाउँपालिका,31,31,मकवानपुर,3.0,बागमती प्रदेश
104,178192,प्रमेश्‍वर राना मगर,Prameshwar Rana Magar,पुरुष,27,2,2,सूर्य,,नेपाल कम्युनिष्ट पार्टी (एमाले),Nepal Communist Party (UML),311,,,5,7.0,5328,भीमफेदी गाउँपालिका,31,31,मकवानपुर,3.0,बागमती प्रदेश
105,226664,टेक बहादुर आलेमगर,TEK BAHADUR AALEMAGAR,पुरुष,58,4,2279,हलो,,राष्ट्रिय प्रजातन्त्र पार्टी,Rastriya Prajatantra Party,6,,,5,7.0,5328,भीमफेदी गाउँपालिका,31,31,मकवानपुर,3.0,बागमती प्रदेश
106,236086,राज कुमार आचार्य,Raj Kumar Acharya,पुरुष,45,1,1,रुख,,नेपाली काँग्रेस,Nepali Congress,391,निर्वाचित,Elected,6,7.0,5328,भीमफेदी गाउँपालिका,31,31,मकवानपुर,3.0,बागमती प्रदेश
107,232734,सहदेव वाईवा,Sahadev Waiba,पुरुष,32,1,101,दुई रुख,,नेपाली काँग्रेस,Nepali Congress,378,निर्वाचित,Elected,6,7.0,5328,भीमफेदी गाउँपालिका,31,31,मकवानपुर,3.0,बागमती प्रदेश
108,178337,कृष्ण बहादुर घलान,Krishna Bahadur Ghalan,पुरुष,62,2,2,सूर्य,,नेपाल कम्युनिष्ट पार्टी (एमाले),Nepal Communist Party (UML),319,,,6,7.0,5328,भीमफेदी गाउँपालिका,31,31,मकवानपुर,3.0,बागमती प्रदेश
109,178540,राम घलान,Ram Ghalan,पुरुष,37,2,102,दुई सूर्य ,,नेपाल कम्युनिष्ट पार्टी (एमाले),Nepal Communist Party (UML),301,,,6,7.0,5328,भीमफेदी गाउँपालिका,31,31,मकवानपुर,3.0,बागमती प्रदेश
110,225439,प्रेम बहादुर रेग्मी,Prem Bahadur Regmi,पुरुष,66,4,2279,हलो,,राष्ट्रिय प्रजातन्त्र पार्टी,Rastriya Prajatantra Party,7,,,6,7.0,5328,भीमफेदी गाउँपालिका,31,31,मकवानपुर,3.0,बागमती प्रदेश
111,234594,सोम माया बल,Som Maya Bal,महिला,51,1,1,रुख,,नेपाली काँग्रेस,Nepali Congress,395,निर्वाचित,Elected,7,7.0,5328,भीमफेदी गाउँपालिका,31,31,मकवानपुर,3.0,बागमती प्रदेश
112,178689,शेर कुमारी मगर,SHER LUMARI MAGAR,महिला,33,2,2,सूर्य,,नेपाल कम्युनिष्ट पार्टी (एमाले),Nepal Communist Party (UML),310,,,7,7.0,5328,भीमफेदी गाउँपालिका,31,31,मकवानपुर,3.0,बागमती प्रदेश
113,233583,मिना कुमारी वि.क.,Mina Kumari B k,महिला,26,1,1,रुख,,नेपाली काँग्रेस,Nepali Congress,411,निर्वाचित,Elected,8,7.0,5328,भीमफेदी गाउँपालिका,31,31,मकवानपुर,3.0,बागमती प्रदेश
114,178795,मखमली सुनार,Makhamali Sunar,महिला,58,2,2,सूर्य,,नेपाल कम्युनिष्ट पार्टी (एमाले),Nepal Communist Party (UML),308,,,8,7.0,5328,भीमफेदी गाउँपालिका,31,31,मकवानपुर,3.0,बागमती प्रदेश
115,177430,विष्णु बहादुर लामा,Bishnu Bahadur Lama,पुरुष,44,2,2,सूर्य,,नेपाल कम्युनिष्ट पार्टी (एमाले),Nepal Communist Party (UML),682,निर्वाचित,Elected,5,8.0,5328,भीमफेदी गाउँपालिका,31,31,मकवानपुर,3.0,बागमती प्रदेश
116,239622,समुन्द्र मान घिसिङ,Samundra Man Ghising,पुरुष,41,1,1,रुख,,नेपाली काँग्रेस,Nepali Congress,596,,,5,8.0,5328,भीमफेदी गाउँपालिका,31,31,मकवानपुर,3.0,बागमती प्रदेश
117,205377,सानु कान्‍छा लुङ्वा,Sanu Kanchha Lungba,पुरुष,54,4,2279,हलो,,राष्ट्रिय प्रजातन्त्र पार्टी,Rastriya Prajatantra Party,23,,,5,8.0,5328,भीमफेदी गाउँपालिका,31,31,मकवानपुर,3.0,बागमती प्रदेश
118,177763,नवराज अधिकारी,Nawaraj Adhikari,पुरुष,59,2,2,सूर्य,,नेपाल कम्युनिष्ट पार्टी (एमाले),Nepal Communist Party (UML),668,निर्वाचित,Elected,6,8.0,5328,भीमफेदी गाउँपालिका,31,31,मकवानपुर,3.0,बागमती प्रदेश
119,177274,राज कुमार स्‍याङ्‍तान,Raj Kumar Syangtan,पुरुष,44,2,102,दुई सूर्य ,,नेपाल कम्युनिष्ट पार्टी (एमाले),Nepal Communist Party (UML),666,निर्वाचित,Elected,6,8.0,5328,भीमफेदी गाउँपालिका,31,31,मकवानपुर,3.0,बागमती प्रदेश
120,236919,शिव राज कठायत,Shiba Raj Kathayat,पुरुष,53,1,101,दुई रुख,,नेपाली काँग्रेस,Nepali Congress,536,,,6,8.0,5328,भीमफेदी गाउँपालिका,31,31,मकवानपुर,3.0,बागमती प्रदेश
121,238732,देव राज थिङ,Dev Raj Thing,पुरुष,46,1,1,रुख,,नेपाली काँग्रेस,Nepali Congress,528,,,6,8.0,5328,भीमफेदी गाउँपालिका,31,31,मकवानपुर,3.0,बागमती प्रदेश
122,207404,मिठ्ठा राम खड्का,Miththa Ram Khadka,पुरुष,63,4,2279,हलो,,राष्ट्रिय प्रजातन्त्र पार्टी,Rastriya Prajatantra Party,59,,,6,8.0,5328,भीमफेदी गाउँपालिका,31,31,मकवानपुर,3.0,बागमती प्रदेश
123,208241,सुनिता घलान,sunita ghalan,महिला,25,4,2391,दुई वटा हलो,,राष्ट्रिय प्रजातन्त्र पार्टी,Rastriya Prajatantra Party,48,,,6,8.0,5328,भीमफेदी गाउँपालिका,31,31,मकवानपुर,3.0,बागमती प्रदेश
124,178066,सिता थिङ,Sita Thing,महिला,37,2,2,सूर्य,,नेपाल कम्युनिष्ट पार्टी (एमाले),Nepal Communist Party (UML),679,निर्वाचित,Elected,7,8.0,5328,भीमफेदी गाउँपालिका,31,31,मकवानपुर,3.0,बागमती प्रदेश
125,240598,मंजु माया भुलुन,MANJU MAYA BHULUN,महिला,34,1,1,रुख,,नेपाली काँग्रेस,Nepali Congress,569,,,7,8.0,5328,भीमफेदी गाउँपालिका,31,31,मकवानपुर,3.0,बागमती प्रदेश
126,206627,भिम कुमारी कार्की,Bhim Kumari Karki,महिला,53,4,2279,हलो,,राष्ट्रिय प्रजातन्त्र पार्टी,Rastriya Prajatantra Party,46,,,7,8.0,5328,भीमफेदी गाउँपालिका,31,31,मकवानपुर,3.0,बागमती प्रदेश
127,177906,चमेली कामी,Chameli Kami,महिला,51,2,2,सूर्य,,नेपाल कम्युनिष्ट पार्टी (एमाले),Nepal Communist Party (UML),679,निर्वाचित,Elected,8,8.0,5328,भीमफेदी गाउँपालिका,31,31,मकवानपुर,3.0,बागमती प्रदेश
128,239121,लक्ष्मी विश्‍वकर्मा,Laxmi Bishwakarma,महिला,32,1,1,रुख,,नेपाली काँग्रेस,Nepali Congress,564,,,8,8.0,5328,भीमफेदी गाउँपालिका,31,31,मकवानपुर,3.0,बागमती प्रदेश
129,209132,रचना विश्वकर्मा,Rachana Bishowkarma,महिला,30,4,2279,हलो,,राष्ट्रिय प्रजातन्त्र पार्टी,Rastriya Prajatantra Party,49,,,8,8.0,5328,भीमफेदी गाउँपालिका,31,31,मकवानपुर,3.0,बागमती प्रदेश
130,174489,प्रकाश पुडासैनी,Prakash Pudasaini,पुरुष,45,2,2,सूर्य,,नेपाल कम्युनिष्ट पार्टी (एमाले),Nepal Communist Party (UML),801,निर्वाचित,Elected,5,9.0,5328,भीमफेदी गाउँपालिका,31,31,मकवानपुर,3.0,बागमती प्रदेश
131,248503,दिपक गोले,Dipak Gole,पुरुष,34,3,3,गोलाकारभित्र हसिया हथौडा,,नेपाल कम्युनिष्ट पार्टी (माओवादी केन्द्र),Communist Party of Nepal (Maoist-Centre),546,,,5,9.0,5328,भीमफेदी गाउँपालिका,31,31,मकवानपुर,3.0,बागमती प्रदेश
132,215103,दर्ज बाहादुर रुम्‍बा,Darja Bahadur Rumba,पुरुष,68,4,2279,हलो,,राष्ट्रिय प्रजातन्त्र पार्टी,Rastriya Prajatantra Party,8,,,5,9.0,5328,भीमफेदी गाउँपालिका,31,31,मकवानपुर,3.0,बागमती प्रदेश
133,176243,उदय प्रसाद हटुवाल,Udaya Prasad Hatuwal,पुरुष,49,2,2,सूर्य,,नेपाल कम्युनिष्ट पार्टी (एमाले),Nepal Communist Party (UML),764,निर्वाचित,Elected,6,9.0,5328,भीमफेदी गाउँपालिका,31,31,मकवानपुर,3.0,बागमती प्रदेश
134,175417,श्‍याम बहादुर थोकर,Shyam Bahadur Thokar,पुरुष,36,2,102,दुई सूर्य ,,नेपाल कम्युनिष्ट पार्टी (एमाले),Nepal Communist Party (UML),758,निर्वाचित,Elected,6,9.0,5328,भीमफेदी गाउँपालिका,31,31,मकवानपुर,3.0,बागमती प्रदेश
135,266688,शुशिला मैनाली,Sushila Mainali,महिला,57,3,103,दुई गोलाकारभित्र हँसिया हथौडा ,,नेपाल कम्युनिष्ट पार्टी (माओवादी केन्द्र),Communist Party of Nepal (Maoist-Centre),548,,,6,9.0,5328,भीमफेदी गाउँपालिका,31,31,मकवानपुर,3.0,बागमती प्रदेश
136,260740,देव मुक्तान,DEV MUKTAN,पुरुष,33,3,3,गोलाकारभित्र हसिया हथौडा,,नेपाल कम्युनिष्ट पार्टी (माओवादी केन्द्र),Communist Party of Nepal (Maoist-Centre),540,,,6,9.0,5328,भीमफेदी गाउँपालिका,31,31,मकवानपुर,3.0,बागमती प्रदेश
137,175113,चमेली माया बल,Chameli Maya Bal,महिला,58,2,2,सूर्य,,नेपाल कम्युनिष्ट पार्टी (एमाले),Nepal Communist Party (UML),787,निर्वाचित,Elected,7,9.0,5328,भीमफेदी गाउँपालिका,31,31,मकवानपुर,3.0,बागमती प्रदेश
138,252037,सान्ति  कुमारी रुम्बा,Shanti Kumari Rumba,महिला,40,3,3,गोलाकारभित्र हसिया हथौडा,,नेपाल कम्युनिष्ट पार्टी (माओवादी केन्द्र),Communist Party of Nepal (Maoist-Centre),556,,,7,9.0,5328,भीमफेदी गाउँपालिका,31,31,मकवानपुर,3.0,बागमती प्रदेश
139,174710,सुभद्रा वि.क,SUBHADRA B.K,महिला,31,2,2,सूर्य,,नेपाल कम्युनिष्ट पार्टी (एमाले),Nepal Communist Party (UML),765,निर्वाचित,Elected,8,9.0,5328,भीमफेदी गाउँपालिका,31,31,मकवानपुर,3.0,बागमती प्रदेश
140,262326,अमृता विश्‍वकर्मा,Amirita bishokarma,महिला,31,3,3,गोलाकारभित्र हसिया हथौडा,,नेपाल कम्युनिष्ट पार्टी (माओवादी केन्द्र),Communist Party of Nepal (Maoist-Centre),569,,,8,9.0,5328,भीमफेदी गाउँपालिका,31,31,मकवानपुर,3.0,बागमती प्रदेश
